asset_ticker,asset_secid,year,n_days,empirical_exceedance_rate_base,empirical_exceedance_rate_hist,empirical_exceedance_rate_ewma,empirical_exceedance_rate_caviar,empirical_exceedance_rate_garch_t,empirical_exceedance_rate_conf,avg_loss_norm,avg_q_hat_base_raw,avg_q_hat_ref,avg_q_hat_core_op,avg_q_hat_rep,avg_q_hat_base,avg_q_hat_hist,avg_q_hat_ewma,avg_q_hat_caviar,avg_q_hat_garch_t,avg_buffer_t,avg_var_conf_raw,avg_var_conf,avg_violation_ewma,avg_violation_caviar,avg_violation_garch_t,avg_violation_conf,avg_pinball_base,avg_pinball_hist,avg_pinball_ewma,avg_pinball_caviar,avg_pinball_garch_t,avg_pinball_conf,quality_strict_pass_share,p95_book_quality_max_abs_k_t,p95_book_quality_max_abs_dte_error_t,n_route_a_changed,experiment_id,experiment_group,book_type,book_quality_mode
QQQ,107899,2021,227,0.20704845814977973,0.11894273127753303,,,,0.13215859030837004,0.009333736538720987,0.05867362323043837,0.05867362323043837,0.07161652207966922,0.07161652207966922,0.05867362323043837,0.07493739170336176,,,,0.012942898849230859,0.07161652207966922,0.07161652207966922,,,,0.0037536185493230617,0.010561569563479025,0.011440736593818227,,,,0.009981897103417885,1.0,0.003723477393177699,2.0,0,bookquality_lightgbm_robust_all_floor_0p0_quality_strict_economic,book_quality_robustness,atm_straddle_30d,strict_economic
QQQ,107899,2022,147,0.22448979591836735,0.2925170068027211,,,,0.1292517006802721,-0.010669199499359272,0.13233244391485147,0.13233244391485147,0.16338861651435047,0.16338861651435047,0.13233244391485147,0.10984089898357915,,,,0.031056172599499,0.16338861651435047,0.16338861651435047,,,,0.008195402653234606,0.028152859042838135,0.029978642191697342,,,,0.025601184254605575,1.0,0.038185826887835644,1.6999999999999886,0,bookquality_lightgbm_robust_all_floor_0p0_quality_strict_economic,book_quality_robustness,atm_straddle_30d,strict_economic
QQQ,107899,2019,250,0.192,0.096,,,,0.112,-0.0016554508802705357,0.02443679265141017,0.024439292867087414,0.03907305002804008,0.03907305680855264,0.024439292867087414,0.04100269214794512,,,,0.014633757160952667,0.03907305002804008,0.03907305680855264,,,,0.002041771836807065,0.006574113620274916,0.005868224863501115,,,,0.006114622605689382,1.0,0.26154175473621355,2.0,2,bookquality_lightgbm_robust_all_floor_0p0_quality_strict_economic,book_quality_robustness,risk_reversal_25d_30d,strict_economic
QQQ,107899,2020,252,0.21428571428571427,0.1111111111111111,,,,0.11507936507936507,-0.00395380726244484,0.026531471821136906,0.02657216725585189,0.04301622680538749,0.04301622680538749,0.02657216725585189,0.04279659502381359,,,,0.016444059549535598,0.04301622680538749,0.04301622680538749,,,,0.0029421159283182013,0.008399203035483284,0.008066803071287725,,,,0.007639119335101433,1.0,0.18953564763507774,2.0,4,bookquality_lightgbm_robust_all_floor_0p0_quality_strict_economic,book_quality_robustness,risk_reversal_25d_30d,strict_economic
QQQ,107899,2021,252,0.1746031746031746,0.09523809523809523,,,,0.10317460317460317,-0.0011677967556301344,0.026981516983112897,0.02698681748348003,0.040057909056880656,0.040057909056880656,0.02698681748348003,0.04202067905795201,,,,0.013071091573400624,0.040057909056880656,0.040057909056880656,,,,0.0017747088424267944,0.006224348775426671,0.005885243118682148,,,,0.005897279423677872,1.0,0.08461449029681473,2.0,2,bookquality_lightgbm_robust_all_floor_0p0_quality_strict_economic,book_quality_robustness,risk_reversal_25d_30d,strict_economic
QQQ,107899,2022,239,0.16736401673640167,0.07112970711297072,,,,0.100418410041841,-0.007150459936312198,0.02304057935657504,0.02306692852494793,0.03473247026139131,0.03473247026139131,0.02306692852494793,0.03534173912150829,,,,0.011665541736443383,0.03473247026139131,0.03473247026139131,,,,0.0029686135897720304,0.007302046560204776,0.007138940401260981,,,,0.007156906609542381,1.0,0.3464897144620059,2.0,3,bookquality_lightgbm_robust_all_floor_0p0_quality_strict_economic,book_quality_robustness,risk_reversal_25d_30d,strict_economic
QQQ,107899,2023,10,0.0,0.1,,,,0.0,0.0010880818469736517,0.044235555298638506,0.044235555298638506,0.06136285123698328,0.06136285123698328,0.044235555298638506,0.03295282597513504,,,,0.01712729593834477,0.06136285123698328,0.06136285123698328,,,,0.0,0.004314747345166485,0.004538131606016478,,,,0.0060274769390009615,1.0,0.3495861696469057,2.549999999999999,0,bookquality_lightgbm_robust_all_floor_0p0_quality_strict_economic,book_quality_robustness,risk_reversal_25d_30d,strict_economic
QQQ,107899,2025,2,0.0,0.0,,,,0.0,-0.02783833317375131,0.03162906487020587,0.03162906487020587,0.046824896023416246,0.046824896023416246,0.03162906487020587,0.03150736983274342,,,,0.015195831153210373,0.046824896023416246,0.046824896023416246,,,,0.0,0.005946739804395716,0.0059345703006494725,,,,0.0074663229197167525,1.0,0.34947182419073086,3.0,0,bookquality_lightgbm_robust_all_floor_0p0_quality_strict_economic,book_quality_robustness,risk_reversal_25d_30d,strict_economic
QQQ,107899,2019,250,0.172,0.076,,,,0.116,-0.0018191052461359854,0.026595338881769216,0.02662317036891985,0.03724589981943475,0.037313864315166055,0.02662317036891985,0.03988827384910858,,,,0.010622729450514894,0.03724589981943475,0.037313864315166055,,,,0.003682174917587166,0.007803289125284632,0.007080298009396216,,,,0.007595471873717369,1.0,0.316961456081972,2.0,2,bookquality_lightgbm_robust_all_floor_0p0_quality_strict_economic,book_quality_robustness,short_put_spread_25delta_10delta_30d,strict_economic
QQQ,107899,2020,249,0.18072289156626506,0.12048192771084337,,,,0.10441767068273092,0.0017155216151343595,0.032736767675864205,0.032759249619739805,0.05154065559688001,0.05154065559688001,0.032759249619739805,0.04053744621379944,,,,0.018781405977140207,0.05154065559688001,0.05154065559688001,,,,0.0032888767004129013,0.009067662050035416,0.008146024009634115,,,,0.008271390098587465,1.0,0.2807339021700189,2.0,2,bookquality_lightgbm_robust_all_floor_0p0_quality_strict_economic,book_quality_robustness,short_put_spread_25delta_10delta_30d,strict_economic
QQQ,107899,2021,251,0.17131474103585656,0.09561752988047809,,,,0.099601593625498,-0.003856501572306549,0.02302814259938021,0.023045610040889026,0.03806829796992741,0.03806829796992741,0.023045610040889026,0.03511109571370355,,,,0.015022687929038383,0.03806829796992741,0.03806829796992741,,,,0.003141723164744935,0.007526598134841006,0.006736023789003005,,,,0.007334203118968331,1.0,0.15698506560922468,2.0,3,bookquality_lightgbm_robust_all_floor_0p0_quality_strict_economic,book_quality_robustness,short_put_spread_25delta_10delta_30d,strict_economic
QQQ,107899,2022,208,0.18269230769230768,0.10096153846153846,,,,0.09134615384615384,0.00032269365312093676,0.026775274962915322,0.02679899166998615,0.050392404166684765,0.050392404166684765,0.02679899166998615,0.03928819821494359,,,,0.02359341249669861,0.050392404166684765,0.050392404166684765,,,,0.0031642881623749905,0.008838272612967265,0.008244602237673619,,,,0.008171259213731373,1.0,0.34860748686310383,1.6499999999999773,3,bookquality_lightgbm_robust_all_floor_0p0_quality_strict_economic,book_quality_robustness,short_put_spread_25delta_10delta_30d,strict_economic
QQQ,107899,2019,251,0.24701195219123506,0.09163346613545817,,,,0.11553784860557768,0.06966965363162682,0.18811469586960797,0.18811469586960797,0.25829754022692064,0.25829754022692064,0.18811469586960797,0.2862990655520243,,,,0.07018284435731269,0.25829754022692064,0.25829754022692064,,,,0.005430313336479201,0.029033488836129544,0.02845597088023435,,,,0.02429310199600858,0.0,0.16412946104294715,2.0,0,learner_gbr_robust_all_floor_0p0_quality_loose,learner_robustness,atm_straddle_30d,loose
QQQ,107899,2020,253,0.11857707509881422,0.015810276679841896,,,,0.09486166007905138,0.010680296955918791,0.09876147536385176,0.09876147536385176,0.123252959110618,0.123252959110618,0.09876147536385176,0.19886908647699078,,,,0.02449148374676624,0.123252959110618,0.123252959110618,,,,0.002799210707483263,0.01414769331120682,0.020046461503553742,,,,0.014056476922953181,0.857707509881423,0.0896930745213322,2.0,0,learner_gbr_robust_all_floor_0p0_quality_loose,learner_robustness,atm_straddle_30d,loose
QQQ,107899,2021,252,0.24206349206349206,0.10714285714285714,,,,0.13095238095238096,0.00960176155181082,0.05688736724173406,0.05688736724173406,0.07250142828137827,0.07250142828137827,0.05688736724173406,0.07709363428138082,,,,0.015614061039644215,0.07250142828137827,0.07250142828137827,,,,0.0034797691609977826,0.010708033029437654,0.011145394552954588,,,,0.009769735833954527,1.0,0.003464437495666488,2.0,0,learner_gbr_robust_all_floor_0p0_quality_loose,learner_robustness,atm_straddle_30d,loose
QQQ,107899,2022,251,0.20717131474103587,0.250996015936255,,,,0.11952191235059761,0.015123712294018278,0.1535613291153533,0.1535613291153533,0.204322895449808,0.204322895449808,0.1535613291153533,0.1340027579716869,,,,0.0507615663344547,0.204322895449808,0.204322895449808,,,,0.007807348778330474,0.029735771339056777,0.03123668471355399,,,,0.02672726709390944,0.5856573705179283,0.18710673607677747,2.0,0,learner_gbr_robust_all_floor_0p0_quality_loose,learner_robustness,atm_straddle_30d,loose
QQQ,107899,2023,194,0.31958762886597936,0.22164948453608246,,,,0.1134020618556701,0.14821083936999008,0.2573773184091315,0.2573773184091315,0.3735834292354661,0.3735834292354661,0.2573773184091315,0.32333251635740284,,,,0.1162061108263347,0.3735834292354661,0.3735834292354661,,,,0.006473299408423136,0.04077535446700703,0.048847964651203814,,,,0.02901055839497074,0.0,0.3475507500739522,2.0,0,learner_gbr_robust_all_floor_0p0_quality_loose,learner_robustness,atm_straddle_30d,loose
QQQ,107899,2024,124,0.2903225806451613,0.1935483870967742,,,,0.07258064516129033,0.21033227446528158,0.3839187327481214,0.3839187327481214,0.4908449873191369,0.4908449873191369,0.3839187327481214,0.529957192844155,,,,0.10692625457101548,0.4908449873191369,0.4908449873191369,,,,0.004201373087502021,0.03945515631518338,0.049493778343733044,,,,0.03225264437288754,0.0,0.3483506023097713,5.849999999999994,0,learner_gbr_robust_all_floor_0p0_quality_loose,learner_robustness,atm_straddle_30d,loose
QQQ,107899,2025,159,0.20125786163522014,0.050314465408805034,,,,0.10062893081761007,0.12143218047449361,0.2937495270980037,0.2937495270980037,0.35499298529520085,0.35499298529520085,0.2937495270980037,0.5669922713058775,,,,0.06124345819719715,0.35499298529520085,0.35499298529520085,,,,0.00505826050224428,0.031356674460382726,0.04781624284947739,,,,0.028414340984315,0.0,0.3391906762986874,2.0,0,learner_gbr_robust_all_floor_0p0_quality_loose,learner_robustness,atm_straddle_30d,loose
QQQ,107899,2019,251,0.20717131474103587,0.09561752988047809,,,,0.11155378486055777,-0.0018741147400762985,0.02364206222304364,0.02364206222304364,0.04102627373172153,0.04102627373172153,0.02364206222304364,0.04107029906078991,,,,0.0173842115086779,0.04102627373172153,0.04102627373172153,,,,0.0016077958008502665,0.006628335355105103,0.0058895485455843525,,,,0.005897834648030049,1.0,0.2615237241225177,2.0,0,learner_gbr_robust_all_floor_0p0_quality_loose,learner_robustness,risk_reversal_25d_30d,loose
QQQ,107899,2020,253,0.18972332015810275,0.11067193675889328,,,,0.1225296442687747,-0.0039025118588932716,0.028551114693185786,0.028551114693185786,0.039733791038243434,0.039733791038243434,0.028551114693185786,0.04275819043451622,,,,0.01118267634505765,0.039733791038243434,0.039733791038243434,,,,0.0028851997139573266,0.007801880144729421,0.008044426894759107,,,,0.007248830003670996,0.9960474308300395,0.18947838341413226,2.0,0,learner_gbr_robust_all_floor_0p0_quality_loose,learner_robustness,risk_reversal_25d_30d,loose
QQQ,107899,2021,252,0.17063492063492064,0.09523809523809523,,,,0.10317460317460317,-0.0011677967556301344,0.02616972171859253,0.02616972171859253,0.040280029598164215,0.040280029598164215,0.02616972171859253,0.04198906085370367,,,,0.014110307879571685,0.040280029598164215,0.040280029598164215,,,,0.0018559625660647466,0.006268121419602686,0.005884139939540096,,,,0.00600074520144418,1.0,0.08461449029681473,2.0,0,learner_gbr_robust_all_floor_0p0_quality_loose,learner_robustness,risk_reversal_25d_30d,loose
QQQ,107899,2022,251,0.14342629482071714,0.07569721115537849,,,,0.10358565737051793,-0.006198007585857371,0.02682426412814898,0.026825443632284264,0.035633430405551135,0.035633430405551135,0.026825443632284264,0.03520640623926264,,,,0.00880798677326687,0.035633430405551135,0.035633430405551135,,,,0.002973613675299529,0.007183689773338141,0.007170955261558434,,,,0.007156757474440379,0.952191235059761,0.34764953389129305,2.0,1,learner_gbr_robust_all_floor_0p0_quality_loose,learner_robustness,risk_reversal_25d_30d,loose
QQQ,107899,2023,195,0.11794871794871795,0.1282051282051282,,,,0.08717948717948718,-0.035382370634702474,0.052939607879308855,0.05307353001992304,0.07332291853810509,0.07342265929878072,0.05307353001992304,0.04712628965871475,,,,0.020249388518182053,0.07332291853810509,0.07342265929878072,,,,0.0056594671371126715,0.01637996422869187,0.016786159120231545,,,,0.016539970130460987,0.05128205128205128,0.34987811731019125,2.0,1,learner_gbr_robust_all_floor_0p0_quality_loose,learner_robustness,risk_reversal_25d_30d,loose
QQQ,107899,2024,134,0.12686567164179105,0.05223880597014925,,,,0.1044776119402985,-0.11144903299932374,0.021405794421795722,0.022032881331116326,0.02470780178834235,0.02473655448319481,0.022032881331116326,0.04023550247092983,,,,0.0026749204572260247,0.02470780178834235,0.02473655448319481,,,,0.004529998573567386,0.018145364726560566,0.01917843833385542,,,,0.018148557321819237,0.0,0.3497361575129961,5.349999999999994,9,learner_gbr_robust_all_floor_0p0_quality_loose,learner_robustness,risk_reversal_25d_30d,loose
QQQ,107899,2025,161,0.20496894409937888,0.18012422360248448,,,,0.12422360248447205,0.009069198532677071,0.038408495217017787,0.03841438158698752,0.05095561989231865,0.05095561989231865,0.03841438158698752,0.034502384559109756,,,,0.012541238305331132,0.05095561989231865,0.05095561989231865,,,,0.015520828811541312,0.0200885610318904,0.020410403903741547,,,,0.01970947094750547,0.012422360248447204,0.34988375608361905,2.0,1,learner_gbr_robust_all_floor_0p0_quality_loose,learner_robustness,risk_reversal_25d_30d,loose
QQQ,107899,2019,250,0.168,0.076,,,,0.108,-0.0018191052461359854,0.026595181322541784,0.026618045078319722,0.036646420833581064,0.036646420833581064,0.026618045078319722,0.03988827384910858,,,,0.010028375755261337,0.036646420833581064,0.036646420833581064,,,,0.003726245946490902,0.007754716672261642,0.007080298009396216,,,,0.007572798554462606,1.0,0.316961456081972,2.0,1,learner_gbr_robust_all_floor_0p0_quality_loose,learner_robustness,short_put_spread_25delta_10delta_30d,loose
QQQ,107899,2020,251,0.18326693227091634,0.11952191235059761,,,,0.099601593625498,0.001735408762783916,0.033956598105580306,0.03395796276507425,0.05037497688553589,0.05037497688553589,0.03395796276507425,0.04039457825044244,,,,0.016417014120461648,0.05037497688553589,0.05037497688553589,,,,0.0034463749877111354,0.008723413365283518,0.008098499926312222,,,,0.008310331799986331,0.9920318725099602,0.28049654630633386,2.0,2,learner_gbr_robust_all_floor_0p0_quality_loose,learner_robustness,short_put_spread_25delta_10delta_30d,loose
QQQ,107899,2021,252,0.17063492063492064,0.09523809523809523,,,,0.0992063492063492,-0.0038385675114417086,0.022171319866817637,0.022249086050183546,0.035841820148491875,0.035841820148491875,0.022249086050183546,0.034989520571719196,,,,0.013592734098308332,0.035841820148491875,0.035841820148491875,,,,0.003337002729987035,0.0076550422730616435,0.006727192287686191,,,,0.007305041495980392,0.996031746031746,0.156928538821184,2.0,3,learner_gbr_robust_all_floor_0p0_quality_loose,learner_robustness,short_put_spread_25delta_10delta_30d,loose
QQQ,107899,2022,223,0.17937219730941703,0.09417040358744394,,,,0.08968609865470852,-0.0005298271701469677,0.025436507632520013,0.025440959150122414,0.04779649111293628,0.04779649111293628,0.025440959150122414,0.039226283470179375,,,,0.02235553196281387,0.04779649111293628,0.04779649111293628,,,,0.003037426546793971,0.008301031757934254,0.008031192994751028,,,,0.007870058375102296,0.9327354260089686,0.34897777713831124,1.8999999999999773,2,learner_gbr_robust_all_floor_0p0_quality_loose,learner_robustness,short_put_spread_25delta_10delta_30d,loose
QQQ,107899,2023,2,0.0,0.0,,,,0.0,-0.006847574044601773,0.029293744869303563,0.029293744869303563,0.029542297624353613,0.029542297624353613,0.029293744869303563,0.03926067507122427,,,,0.0002485527550500459,0.029542297624353613,0.029542297624353613,,,,0.0,0.0036141318913905326,0.004610824911582604,,,,0.0036389871668955375,0.0,0.3487092386204359,1.95,0,learner_gbr_robust_all_floor_0p0_quality_loose,learner_robustness,short_put_spread_25delta_10delta_30d,loose
QQQ,107899,2024,9,0.0,0.0,,,,0.0,-0.04625539841103259,0.01394894650684423,0.01394894650684423,0.014118125407152451,0.014118125407152451,0.01394894650684423,0.03661325212001138,,,,0.00016917890030822126,0.014118125407152451,0.014118125407152451,,,,0.0,0.006020434491787681,0.008286865053104395,,,,0.006037352381818503,0.0,0.3476917814780308,2.0,0,learner_gbr_robust_all_floor_0p0_quality_loose,learner_robustness,short_put_spread_25delta_10delta_30d,loose
QQQ,107899,2025,1,0.0,0.0,,,,0.0,-0.06634449928710301,-6.474362718128661e-05,0.0,-0.00010284323201134593,0.0,0.0,0.03458254226356807,,,,-0.00010284323201134593,-0.00010284323201134593,0.0,,,,0.0,0.006634449928710299,0.010092704155067106,,,,0.006634449928710299,0.0,0.34146738206306715,1.0,0,learner_gbr_robust_all_floor_0p0_quality_loose,learner_robustness,short_put_spread_25delta_10delta_30d,loose
QQQ,107899,2019,251,0.20717131474103587,0.09163346613545817,,,,0.11155378486055777,0.06966965363162682,0.19615956974694454,0.19615956974694454,0.26183469825169164,0.26183469825169164,0.19615956974694454,0.2862990655520243,,,,0.06567512850474706,0.26183469825169164,0.26183469825169164,,,,0.00522728185671349,0.027810702306722085,0.02845597088023435,,,,0.024443786318719962,0.0,0.16412946104294715,2.0,0,learner_xgboost_robust_all_floor_0p0_quality_loose,learner_robustness,atm_straddle_30d,loose
QQQ,107899,2020,253,0.1225296442687747,0.015810276679841896,,,,0.08695652173913043,0.010680296955918791,0.10348617132355573,0.10348617132355573,0.12353444116311989,0.12353444116311989,0.10348617132355573,0.19886908647699078,,,,0.02004826983956416,0.12353444116311989,0.12353444116311989,,,,0.002520917029697343,0.013846416009721517,0.020046461503553742,,,,0.01380633145041745,0.857707509881423,0.0896930745213322,2.0,0,learner_xgboost_robust_all_floor_0p0_quality_loose,learner_robustness,atm_straddle_30d,loose
QQQ,107899,2021,252,0.1984126984126984,0.10714285714285714,,,,0.12301587301587301,0.00960176155181082,0.059581567681143206,0.059581567681143206,0.07424935432456294,0.07424935432456294,0.059581567681143206,0.07709363428138082,,,,0.014667786643419733,0.07424935432456294,0.07424935432456294,,,,0.0030097872970087252,0.010152924363687239,0.011145394552954588,,,,0.009474546574283935,1.0,0.003464437495666488,2.0,0,learner_xgboost_robust_all_floor_0p0_quality_loose,learner_robustness,atm_straddle_30d,loose
QQQ,107899,2022,251,0.2151394422310757,0.250996015936255,,,,0.11155378486055777,0.015123712294018278,0.15739083002169293,0.15739083002169293,0.19875349396221653,0.19875349396221653,0.15739083002169293,0.1340027579716869,,,,0.0413626639405236,0.19875349396221653,0.19875349396221653,,,,0.007742249933770302,0.028518858510310555,0.03123668471355399,,,,0.02610522810059012,0.5856573705179283,0.18710673607677747,2.0,0,learner_xgboost_robust_all_floor_0p0_quality_loose,learner_robustness,atm_straddle_30d,loose
QQQ,107899,2023,194,0.30412371134020616,0.22164948453608246,,,,0.12886597938144329,0.14821083936999008,0.26244594195147153,0.26244594195147153,0.3707947848688351,0.3707947848688351,0.26244594195147153,0.32333251635740284,,,,0.10834884291736362,0.3707947848688351,0.3707947848688351,,,,0.006667064014342995,0.040182315531827675,0.048847964651203814,,,,0.028925458564227492,0.0,0.3475507500739522,2.0,0,learner_xgboost_robust_all_floor_0p0_quality_loose,learner_robustness,atm_straddle_30d,loose
QQQ,107899,2024,124,0.29838709677419356,0.1935483870967742,,,,0.056451612903225805,0.21033227446528158,0.3888236546828862,0.3888236546828862,0.4912204750676416,0.4912204750676416,0.3888236546828862,0.529957192844155,,,,0.10239682038475538,0.4912204750676416,0.4912204750676416,,,,0.0031866314399640588,0.038385218099220506,0.049493778343733044,,,,0.03127545150020005,0.0,0.3483506023097713,5.849999999999994,0,learner_xgboost_robust_all_floor_0p0_quality_loose,learner_robustness,atm_straddle_30d,loose
QQQ,107899,2025,159,0.1949685534591195,0.050314465408805034,,,,0.1069182389937107,0.12143218047449361,0.2990266727107876,0.2990266727107876,0.3541009120060374,0.3541009120060374,0.2990266727107876,0.5669922713058775,,,,0.055074239295249794,0.3541009120060374,0.3541009120060374,,,,0.0052498496249609285,0.030384024195808584,0.04781624284947739,,,,0.0285167227781153,0.0,0.3391906762986874,2.0,0,learner_xgboost_robust_all_floor_0p0_quality_loose,learner_robustness,atm_straddle_30d,loose
QQQ,107899,2019,251,0.20318725099601595,0.09561752988047809,,,,0.10358565737051793,-0.0018741147400762985,0.026378790247328282,0.026378790247328282,0.041448517029622045,0.041448517029622045,0.026378790247328282,0.04107029906078991,,,,0.015069726782293761,0.041448517029622045,0.041448517029622045,,,,0.001726535621053603,0.0066059856558839634,0.0058895485455843525,,,,0.006058798798023436,1.0,0.2615237241225177,2.0,0,learner_xgboost_robust_all_floor_0p0_quality_loose,learner_robustness,risk_reversal_25d_30d,loose
QQQ,107899,2020,253,0.17786561264822134,0.11067193675889328,,,,0.1225296442687747,-0.0039025118588932716,0.03074148780640524,0.03075551804847161,0.04071917806990144,0.04071917806990144,0.03075551804847161,0.04275819043451622,,,,0.009963660021429833,0.04071917806990144,0.04071917806990144,,,,0.002728191471991023,0.007581583841586964,0.008044426894759107,,,,0.0071903604648704935,0.9960474308300395,0.18947838341413226,2.0,1,learner_xgboost_robust_all_floor_0p0_quality_loose,learner_robustness,risk_reversal_25d_30d,loose
QQQ,107899,2021,252,0.15079365079365079,0.09523809523809523,,,,0.11507936507936507,-0.0011677967556301344,0.027438742314679698,0.027450429299654112,0.039636106541213294,0.039636106541213294,0.027450429299654112,0.04198906085370367,,,,0.012185677241559176,0.039636106541213294,0.039636106541213294,,,,0.0020282572186541567,0.006267693908463335,0.005884139939540096,,,,0.006108647548338498,1.0,0.08461449029681473,2.0,1,learner_xgboost_robust_all_floor_0p0_quality_loose,learner_robustness,risk_reversal_25d_30d,loose
QQQ,107899,2022,251,0.13147410358565736,0.07569721115537849,,,,0.099601593625498,-0.006198007585857371,0.036109888896464826,0.03614852928641842,0.04409849026022444,0.04409849026022444,0.03614852928641842,0.03520640623926264,,,,0.007949960973806017,0.04409849026022444,0.04409849026022444,,,,0.0026464775934362866,0.007603938030933314,0.007170955261558434,,,,0.007676127378044467,0.952191235059761,0.34764953389129305,2.0,2,learner_xgboost_robust_all_floor_0p0_quality_loose,learner_robustness,risk_reversal_25d_30d,loose
QQQ,107899,2023,195,0.09743589743589744,0.1282051282051282,,,,0.09743589743589744,-0.035382370634702474,0.06439973251552333,0.06446966185944919,0.0713978076636909,0.07146369213600555,0.06446966185944919,0.04712628965871475,,,,0.006928145804241712,0.0713978076636909,0.07146369213600555,,,,0.005439920736050393,0.015918861125142597,0.016786159120231545,,,,0.016124527013121195,0.05128205128205128,0.34987811731019125,2.0,1,learner_xgboost_robust_all_floor_0p0_quality_loose,learner_robustness,risk_reversal_25d_30d,loose
QQQ,107899,2024,134,0.13432835820895522,0.05223880597014925,,,,0.11940298507462686,-0.11144903299932374,0.022544978932002316,0.022905205838198064,0.024427666337590522,0.02461522364422095,0.022905205838198064,0.04023550247092983,,,,0.0015224604993924562,0.024427666337590522,0.02461522364422095,,,,0.00471441179479251,0.01828405708220327,0.01917843833385542,,,,0.018320837459146977,0.0,0.3497361575129961,5.349999999999994,10,learner_xgboost_robust_all_floor_0p0_quality_loose,learner_robustness,risk_reversal_25d_30d,loose
QQQ,107899,2025,161,0.18633540372670807,0.18012422360248448,,,,0.12422360248447205,0.009069198532677071,0.052641809189486785,0.05266844079777691,0.0636290013029985,0.0636290013029985,0.05266844079777691,0.034502384559109756,,,,0.010960560505221591,0.0636290013029985,0.0636290013029985,,,,0.014865390791568718,0.020611106199176638,0.020410403903741547,,,,0.02032137106860086,0.012422360248447204,0.34988375608361905,2.0,3,learner_xgboost_robust_all_floor_0p0_quality_loose,learner_robustness,risk_reversal_25d_30d,loose
QQQ,107899,2019,250,0.156,0.076,,,,0.116,-0.0018191052461359854,0.02925531109981239,0.02925531109981239,0.037659381205247304,0.03772628781541226,0.02925531109981239,0.03988827384910858,,,,0.00840407010543492,0.037659381205247304,0.03772628781541226,,,,0.00377262761589532,0.007660544029287639,0.007080298009396216,,,,0.007727166922050144,1.0,0.316961456081972,2.0,0,learner_xgboost_robust_all_floor_0p0_quality_loose,learner_robustness,short_put_spread_25delta_10delta_30d,loose
QQQ,107899,2020,251,0.17928286852589642,0.11952191235059761,,,,0.10756972111553785,0.001735408762783916,0.037622001663080426,0.037622001663080426,0.05272658569471577,0.05272658569471577,0.037622001663080426,0.04039457825044244,,,,0.015104584031635341,0.05272658569471577,0.05272658569471577,,,,0.003071586502128216,0.008582781211721418,0.008098499926312222,,,,0.0081707041953214,0.9920318725099602,0.28049654630633386,2.0,0,learner_xgboost_robust_all_floor_0p0_quality_loose,learner_robustness,short_put_spread_25delta_10delta_30d,loose
QQQ,107899,2021,252,0.14682539682539683,0.09523809523809523,,,,0.09523809523809523,-0.0038385675114417086,0.025909784218547716,0.02593740716110915,0.03686422551280754,0.03686422551280754,0.02593740716110915,0.034989520571719196,,,,0.01092681835169839,0.03686422551280754,0.03686422551280754,,,,0.003473965842852074,0.007622891340745303,0.006727192287686191,,,,0.0075442451452769985,0.996031746031746,0.156928538821184,2.0,1,learner_xgboost_robust_all_floor_0p0_quality_loose,learner_robustness,short_put_spread_25delta_10delta_30d,loose
QQQ,107899,2022,223,0.16591928251121077,0.09417040358744394,,,,0.08071748878923767,-0.0005298271701469677,0.026922902637871293,0.026935056817191633,0.04844371388042673,0.04844371388042673,0.026935056817191633,0.039226283470179375,,,,0.02150865706323509,0.04844371388042673,0.04844371388042673,,,,0.003072576855052769,0.008295310968732459,0.008031192994751028,,,,0.007969930960110137,0.9327354260089686,0.34897777713831124,1.8999999999999773,1,learner_xgboost_robust_all_floor_0p0_quality_loose,learner_robustness,short_put_spread_25delta_10delta_30d,loose
QQQ,107899,2023,2,0.0,0.0,,,,0.0,-0.006847574044601773,0.034673016518354416,0.034673016518354416,0.03507535273857447,0.03507535273857447,0.034673016518354416,0.03926067507122427,,,,0.00040233622022005366,0.03507535273857447,0.03507535273857447,,,,0.0,0.004152059056295618,0.004610824911582604,,,,0.004192292678317624,0.0,0.3487092386204359,1.95,0,learner_xgboost_robust_all_floor_0p0_quality_loose,learner_robustness,short_put_spread_25delta_10delta_30d,loose
QQQ,107899,2024,9,0.0,0.0,,,,0.0,-0.04625539841103259,0.024249801722665627,0.024249801722665627,0.024398152167542438,0.024398152167542438,0.024249801722665627,0.03661325212001138,,,,0.00014835044487681096,0.024398152167542438,0.024398152167542438,,,,0.0,0.00705052001336982,0.008286865053104395,,,,0.0070653550578575015,0.0,0.3476917814780308,2.0,0,learner_xgboost_robust_all_floor_0p0_quality_loose,learner_robustness,short_put_spread_25delta_10delta_30d,loose
QQQ,107899,2025,1,0.0,0.0,,,,0.0,-0.06634449928710301,0.00011273114796495065,0.00011273114796495065,0.0002610815928417616,0.0002610815928417616,0.00011273114796495065,0.03458254226356807,,,,0.00014835044487681096,0.0002610815928417616,0.0002610815928417616,,,,0.0,0.006645723043506795,0.010092704155067106,,,,0.006660558087994475,0.0,0.34146738206306715,1.0,0,learner_xgboost_robust_all_floor_0p0_quality_loose,learner_robustness,short_put_spread_25delta_10delta_30d,loose
QQQ,107899,2019,251,0.24701195219123506,0.09163346613545817,0.09561752988047809,0.09561752988047809,0.10756972111553785,0.11553784860557768,0.06966965363162682,0.18659329201416602,0.18659329201416602,0.25018094762261045,0.25018094762261045,0.18659329201416602,0.2862990655520243,0.2779389690132053,0.2811111648422931,0.2564450649270294,0.06358765560844443,0.25018094762261045,0.25018094762261045,0.008398625806381767,0.007630219719622531,0.010215197515939616,0.005896200489458341,0.02829002602753601,0.02845597088023435,0.029225557344539608,0.028774370840689154,0.02889273864547987,0.0239473298885567,0.0,0.16412946104294715,2.0,0,main_lightgbm_robust_all_floor_0p0_quality_loose,main,atm_straddle_30d,loose
QQQ,107899,2020,253,0.1422924901185771,0.015810276679841896,0.06324110671936758,0.05928853754940711,0.03557312252964427,0.07114624505928854,0.010680296955918791,0.09587488983440512,0.09595109093771104,0.12275394656161306,0.12275394656161306,0.09595109093771104,0.19886908647699078,0.12711470771602,0.16123226042860744,0.1692951538331289,0.026802855623902045,0.12275394656161306,0.12275394656161306,0.002758365132250258,0.0024075005440030014,0.001712265408663986,0.002236949406504338,0.013651272892868998,0.020046461503553742,0.014401806208260376,0.01746269689127186,0.017573751096384996,0.013444314367073764,0.857707509881423,0.0896930745213322,2.0,2,main_lightgbm_robust_all_floor_0p0_quality_loose,main,atm_straddle_30d,loose
QQQ,107899,2021,252,0.2222222222222222,0.10714285714285714,0.11507936507936507,0.12698412698412698,0.0873015873015873,0.1349206349206349,0.00960176155181082,0.05670448909603226,0.05670448909603226,0.07246744672415446,0.07246744672415446,0.05670448909603226,0.07709363428138082,0.0774073604811101,0.07588224238915615,0.087235309944423,0.015762957628122205,0.07246744672415446,0.07246744672415446,0.003609509085826573,0.00325912212254154,0.001888223636068297,0.003513622594206046,0.010714254465210469,0.011145394552954588,0.0103900689787565,0.009887170206276072,0.009651578475329513,0.009800191111440409,1.0,0.003464437495666488,2.0,0,main_lightgbm_robust_all_floor_0p0_quality_loose,main,atm_straddle_30d,loose
QQQ,107899,2022,251,0.18326693227091634,0.250996015936255,0.12749003984063745,0.17131474103585656,0.099601593625498,0.11155378486055777,0.015123712294018278,0.1577727477750987,0.1577727477750987,0.20434418928119844,0.20434418928119844,0.1577727477750987,0.1340027579716869,0.18079997598574093,0.16779287120648367,0.2163489124932906,0.046571441506099716,0.20434418928119844,0.20434418928119844,0.011327302922439187,0.015323923398745375,0.010533046431228092,0.007208537710007523,0.028582193740027496,0.03123668471355399,0.02789492929161145,0.03059083928999191,0.03065556645115532,0.026130585408725537,0.5856573705179283,0.18710673607677747,2.0,0,main_lightgbm_robust_all_floor_0p0_quality_loose,main,atm_straddle_30d,loose
QQQ,107899,2023,194,0.3247422680412371,0.22164948453608246,0.14432989690721648,0.21649484536082475,0.2422680412371134,0.12371134020618557,0.14821083936999008,0.25882091479302166,0.25882091479302166,0.36570100124136923,0.36570100124136923,0.25882091479302166,0.32333251635740284,0.430911822825838,0.33887306156352476,0.2893672918830074,0.10688008644834752,0.36570100124136923,0.36570100124136923,0.011935818342448034,0.02883027112505161,0.03788233944918886,0.006703260617699655,0.04086729956567586,0.048847964651203814,0.04020591668803281,0.04789649334440507,0.05199798470049059,0.028452276804837563,0.0,0.3475507500739522,2.0,0,main_lightgbm_robust_all_floor_0p0_quality_loose,main,atm_straddle_30d,loose
QQQ,107899,2024,124,0.25806451612903225,0.1935483870967742,0.11290322580645161,0.0967741935483871,0.24193548387096775,0.07258064516129033,0.21033227446528158,0.3931005168202644,0.3931005168202644,0.49349791984882474,0.49349791984882474,0.3931005168202644,0.529957192844155,0.5954108839962823,0.6071558369772256,0.48225406684519495,0.10039740302856039,0.49349791984882474,0.49349791984882474,0.0037196854758980084,0.00453779369865361,0.027005113862310463,0.004038369277531905,0.038338020677745326,0.049493778343733044,0.042227546428998064,0.04422014994984801,0.054197293100301795,0.032354933815886215,0.0,0.3483506023097713,5.849999999999994,0,main_lightgbm_robust_all_floor_0p0_quality_loose,main,atm_straddle_30d,loose
QQQ,107899,2025,159,0.20754716981132076,0.050314465408805034,0.11320754716981132,0.06289308176100629,0.10062893081761007,0.09433962264150944,0.12143218047449361,0.28556173667296053,0.28556173667296053,0.35646391264213495,0.35646391264213495,0.28556173667296053,0.5669922713058775,0.5020274218154036,0.5494111860689872,0.4713967652759056,0.0709021759691744,0.35646391264213495,0.35646391264213495,0.009465227541931506,0.004723260855240315,0.010500851196815972,0.005050169723440768,0.03226382691782427,0.04781624284947739,0.04752475167602249,0.047521161414689664,0.04549730967695717,0.028553342940204895,0.0,0.3391906762986874,2.0,0,main_lightgbm_robust_all_floor_0p0_quality_loose,main,atm_straddle_30d,loose
QQQ,107899,2019,251,0.20318725099601595,0.09561752988047809,0.09561752988047809,0.10358565737051793,0.09561752988047809,0.10756972111553785,-0.0018741147400762985,0.02435068125296184,0.024379873442421873,0.039300451234811566,0.039300451234811566,0.024379873442421873,0.04107029906078991,0.040702128938726594,0.04067504335318372,0.04209298103805137,0.01492057779238969,0.039300451234811566,0.039300451234811566,0.0017096493571206808,0.0016599670049000045,0.0013411975707991635,0.0019421301584437618,0.006654389880754221,0.0058895485455843525,0.005967273725000969,0.005914882814226006,0.00573790714861193,0.006059586755932547,1.0,0.2615237241225177,2.0,3,main_lightgbm_robust_all_floor_0p0_quality_loose,main,risk_reversal_25d_30d,loose
QQQ,107899,2020,253,0.20553359683794467,0.11067193675889328,0.1067193675889328,0.08695652173913043,0.1067193675889328,0.11067193675889328,-0.0039025118588932716,0.02729222695183196,0.027350640697299932,0.044963695945822314,0.044963695945822314,0.027350640697299932,0.04275819043451622,0.04652847629981436,0.04830610415390231,0.04600577966992822,0.01761305524852238,0.044963695945822314,0.044963695945822314,0.002954892861838713,0.002438139908221639,0.0027875309756087248,0.002462879549113351,0.008353751690605279,0.008044426894759107,0.007997991677709475,0.007659001509501196,0.007778360128490872,0.007349500329584908,0.9960474308300395,0.18947838341413226,2.0,7,main_lightgbm_robust_all_floor_0p0_quality_loose,main,risk_reversal_25d_30d,loose
QQQ,107899,2021,252,0.1746031746031746,0.09523809523809523,0.1111111111111111,0.10121457489878542,0.0992063492063492,0.09126984126984126,-0.0011677967556301344,0.026535733470151677,0.026544679620936665,0.040289394996299084,0.040289394996299084,0.026544679620936665,0.04198906085370367,0.040452903146895584,0.04030831835536874,0.0410854867530519,0.013744715375362418,0.040289394996299084,0.040289394996299084,0.0019900386665664556,0.001670149038405314,0.0016335254920456356,0.001773006694567701,0.006299010629627898,0.005884139939540096,0.006152108656819026,0.005808358761594039,0.005858853842913838,0.005918725869760622,1.0,0.08461449029681473,2.0,1,main_lightgbm_robust_all_floor_0p0_quality_loose,main,risk_reversal_25d_30d,loose
QQQ,107899,2022,251,0.1593625498007968,0.07569721115537849,0.08366533864541832,0.06772908366533864,0.07569721115537849,0.10756972111553785,-0.006198007585857371,0.024533558449383805,0.024575915436892776,0.03482103031657402,0.03482103031657402,0.024575915436892776,0.03520640623926264,0.033744655743193734,0.03502888856817887,0.03653406913675579,0.010245114879681242,0.03482103031657402,0.03482103031657402,0.0029594629196480486,0.002791689604180533,0.0030574075276072307,0.0030280766585620562,0.007207153451200834,0.007170955261558434,0.006953729252553159,0.006914379219584156,0.007330615199868546,0.007129980448805194,0.952191235059761,0.34764953389129305,2.0,3,main_lightgbm_robust_all_floor_0p0_quality_loose,main,risk_reversal_25d_30d,loose
QQQ,107899,2023,195,0.1076923076923077,0.1282051282051282,0.09743589743589744,0.14358974358974358,0.11794871794871795,0.10256410256410256,-0.035382370634702474,0.05191390133491779,0.052228337108376384,0.06832269075566248,0.06897557025780765,0.052228337108376384,0.04712628965871475,0.06254662322586683,0.05803541284551797,0.05904162445229953,0.016094353647286102,0.06832269075566248,0.06897557025780765,0.0058729013197072015,0.007985089254988064,0.008089450826809109,0.0058911640110154645,0.01631799187126365,0.016786159120231545,0.01566580070576413,0.017326867603010106,0.01753185033550931,0.016326958100266475,0.05128205128205128,0.34987811731019125,2.0,1,main_lightgbm_robust_all_floor_0p0_quality_loose,main,risk_reversal_25d_30d,loose
QQQ,107899,2024,134,0.1791044776119403,0.05223880597014925,0.1044776119402985,0.11940298507462686,0.022388059701492536,0.12686567164179105,-0.11144903299932374,0.02340805385848979,0.023819046177250308,0.02644148130369294,0.026443645467178603,0.023819046177250308,0.04023550247092983,0.02442333038450102,0.027971397848159437,0.10702488401859349,0.0026224351264426326,0.02644148130369294,0.026443645467178603,0.005091033324171176,0.0049435725000597,0.0023037243657867503,0.004340432860360894,0.018239972215403858,0.01917843833385542,0.018678269662553648,0.018885615584808016,0.024151116067578467,0.018129700707011125,0.0,0.3497361575129961,5.349999999999994,13,main_lightgbm_robust_all_floor_0p0_quality_loose,main,risk_reversal_25d_30d,loose
QQQ,107899,2025,161,0.19875776397515527,0.18012422360248448,0.13664596273291926,0.16149068322981366,0.13043478260869565,0.11801242236024845,0.009069198532677071,0.03580545265367523,0.03590711378553994,0.05089605682404538,0.05089605682404538,0.03590711378553994,0.034502384559109756,0.0500015536807773,0.04324622005083785,0.0517726905721282,0.014988943038505441,0.05089605682404538,0.05089605682404538,0.016032264616768436,0.016590967407710905,0.01625941138516135,0.01568060940030403,0.020230537989903735,0.020410403903741547,0.020125500131578457,0.020008669559526987,0.020529760589106463,0.01986329522944086,0.012422360248447204,0.34988375608361905,2.0,1,main_lightgbm_robust_all_floor_0p0_quality_loose,main,risk_reversal_25d_30d,loose
QQQ,107899,2019,250,0.172,0.076,0.096,0.072,0.104,0.116,-0.0018191052461359854,0.026595338881769216,0.02662317036891985,0.03724589981943475,0.037313864315166055,0.02662317036891985,0.03988827384910858,0.03444432972669877,0.039859499701684856,0.031167216089164437,0.010622729450514894,0.03724589981943475,0.037313864315166055,0.0035199511741908474,0.003082720853903075,0.003661520038325567,0.003682174917587166,0.007803289125284632,0.007080298009396216,0.007146294671474323,0.007250581348685159,0.006960152171855609,0.007595471873717369,1.0,0.316961456081972,2.0,2,main_lightgbm_robust_all_floor_0p0_quality_loose,main,short_put_spread_25delta_10delta_30d,loose
QQQ,107899,2020,251,0.1752988047808765,0.11952191235059761,0.10756972111553785,0.10358565737051793,0.12749003984063745,0.10358565737051793,0.001735408762783916,0.03371474138157766,0.03373743462896939,0.051800854911377474,0.051800854911377474,0.03373743462896939,0.04039457825044244,0.046503711217701964,0.04538495970826686,0.03773858449072247,0.01806342028240809,0.051800854911377474,0.051800854911377474,0.0034744243594189233,0.003938398681225016,0.004640750551582257,0.0033030456918922723,0.00891296951302583,0.008098499926312222,0.007951254604910727,0.008303353775773308,0.008241068124376113,0.008309590306751626,0.9920318725099602,0.28049654630633386,2.0,4,main_lightgbm_robust_all_floor_0p0_quality_loose,main,short_put_spread_25delta_10delta_30d,loose
QQQ,107899,2021,252,0.16666666666666666,0.09523809523809523,0.11507936507936507,0.09523809523809523,0.0992063492063492,0.0992063492063492,-0.0038385675114417086,0.021995946456275728,0.022039809636866605,0.03615882856411317,0.03615882856411317,0.022039809636866605,0.034989520571719196,0.03346365827542832,0.0363421144211448,0.0337349222421274,0.014119018927246563,0.03615882856411317,0.03615882856411317,0.003233624378854329,0.0028279358819423878,0.00297809553758818,0.00306309785395465,0.0073037505238959365,0.006727192287686191,0.006963846957541331,0.006846004075201038,0.00673544451294509,0.007062837461510137,0.996031746031746,0.156928538821184,2.0,4,main_lightgbm_robust_all_floor_0p0_quality_loose,main,short_put_spread_25delta_10delta_30d,loose
QQQ,107899,2022,223,0.16591928251121077,0.09417040358744394,0.08071748878923767,0.11210762331838565,0.11659192825112108,0.10762331838565023,-0.0005298271701469677,0.02514751658764333,0.025188046791856433,0.04986622439533282,0.04986622439533282,0.025188046791856433,0.039226283470179375,0.04354030444593501,0.03958341275856065,0.03371443999019386,0.02467817760347639,0.04986622439533282,0.04986622439533282,0.0035812024600722124,0.004100029351173121,0.0047319025366925425,0.002988702379852162,0.008515406153289676,0.008031192994751028,0.00798821562168041,0.008111353344043882,0.008156329252726625,0.00802830753640014,0.9327354260089686,0.34897777713831124,1.8999999999999773,4,main_lightgbm_robust_all_floor_0p0_quality_loose,main,short_put_spread_25delta_10delta_30d,loose
QQQ,107899,2023,2,0.0,0.0,0.0,0.0,0.0,0.0,-0.006847574044601773,0.011098608872850305,0.011098608872850305,0.013818805994161496,0.013818805994161496,0.011098608872850305,0.03926067507122427,0.010488421052631066,0.028112257018809997,0.03318352164587114,0.0027201971213111917,0.013818805994161496,0.013818805994161496,0.0,0.0,0.0,0.0,0.0017946182917452074,0.004610824911582604,0.0017335995097232833,0.003495983106341176,0.0040031095690472905,0.0020666380038763268,0.0,0.3487092386204359,1.95,0,main_lightgbm_robust_all_floor_0p0_quality_loose,main,short_put_spread_25delta_10delta_30d,loose
QQQ,107899,2024,9,0.0,0.0,0.0,0.0,0.0,0.0,-0.04625539841103259,0.0124430256775716,0.0124430256775716,0.014929080604610163,0.014929080604610163,0.0124430256775716,0.03661325212001138,0.00992115182270852,0.029690554411453074,0.03089700005596972,0.0024860549270385637,0.014929080604610163,0.014929080604610163,0.0,0.0,0.0,0.0,0.005869842408860418,0.008286865053104395,0.005617655023374111,0.007594595282248564,0.007715239846700229,0.006118447901564275,0.0,0.3476917814780308,2.0,0,main_lightgbm_robust_all_floor_0p0_quality_loose,main,short_put_spread_25delta_10delta_30d,loose
QQQ,107899,2025,1,0.0,0.0,0.0,0.0,0.0,0.0,-0.06634449928710301,0.0012119710544089993,0.0012119710544089993,0.0036980259814475627,0.0036980259814475627,0.0012119710544089993,0.03458254226356807,0.00907838825883927,0.05312092885139597,0.020263581957472583,0.0024860549270385637,0.0036980259814475627,0.0036980259814475627,0.0,0.0,0.0,0.0,0.006755647034151199,0.010092704155067106,0.007542288754594227,0.011946542813849895,0.008660808124457556,0.007004252526855055,0.0,0.34146738206306715,1.0,0,main_lightgbm_robust_all_floor_0p0_quality_loose,main,short_put_spread_25delta_10delta_30d,loose
QQQ,107899,2019,95,0.23157894736842105,0.10526315789473684,,,,0.14736842105263157,0.04033935438466029,0.13288375604811714,0.13288375604811714,0.1680529038247706,0.1680529038247706,0.13288375604811714,0.18487631287411763,,,,0.035169147776653455,0.1680529038247706,0.1680529038247706,,,,0.005834906180451715,0.02047970811395508,0.017977913344252566,,,,0.01860626112446274,0.0,0.1535712409750572,2.0,0,marking_lightgbm_strict_exact_contract_floor_0p0_quality_loose,marking_sensitivity,atm_straddle_30d,loose
QQQ,107899,2020,239,0.1589958158995816,0.02510460251046025,,,,0.07531380753138076,0.017687922133963883,0.08938814157838901,0.08938814157838901,0.11228757435448096,0.11228757435448096,0.08938814157838901,0.1616842914968031,,,,0.022899432776091962,0.11228757435448096,0.11228757435448096,,,,0.0021774810216623557,0.011863338166984181,0.016341408939895923,,,,0.011637446243714062,0.8870292887029289,0.08911441983677183,2.0,0,marking_lightgbm_strict_exact_contract_floor_0p0_quality_loose,marking_sensitivity,atm_straddle_30d,loose
QQQ,107899,2021,252,0.2222222222222222,0.10317460317460317,,,,0.12301587301587301,0.00960176155181082,0.05636741102192266,0.05636741102192266,0.074014834050316,0.074014834050316,0.05636741102192266,0.07812146126218023,,,,0.017647423028393342,0.074014834050316,0.074014834050316,,,,0.0034020339684304656,0.010836690203865584,0.011242637936991784,,,,0.009843341218280982,1.0,0.003464437495666488,2.0,0,marking_lightgbm_strict_exact_contract_floor_0p0_quality_loose,marking_sensitivity,atm_straddle_30d,loose
QQQ,107899,2022,209,0.16267942583732056,0.22488038277511962,,,,0.09569377990430622,-0.013977339280795734,0.129489883798611,0.129489883798611,0.16772838041651233,0.16772838041651233,0.129489883798611,0.12245926877760388,,,,0.03823849661790129,0.16772838041651233,0.16772838041651233,,,,0.004896889539994092,0.024318113043343595,0.024587211207550686,,,,0.02306746150972489,0.6602870813397129,0.18372947081007945,2.0,0,marking_lightgbm_strict_exact_contract_floor_0p0_quality_loose,marking_sensitivity,atm_straddle_30d,loose
QQQ,107899,2023,118,0.1694915254237288,0.11864406779661017,,,,0.11864406779661017,0.045461035028637416,0.14751461479961633,0.14751461479961633,0.19495924305464024,0.19495924305464024,0.14751461479961633,0.171046541180791,,,,0.04744462825502393,0.19495924305464024,0.19495924305464024,,,,0.00461629670868877,0.02061980759948945,0.017509113004492566,,,,0.019566117511289047,0.0,0.34754096956122127,2.0,0,marking_lightgbm_strict_exact_contract_floor_0p0_quality_loose,marking_sensitivity,atm_straddle_30d,loose
QQQ,107899,2024,66,0.19696969696969696,0.09090909090909091,,,,0.09090909090909091,0.041237046193096004,0.1309184523359872,0.1309184523359872,0.17836999971888257,0.17836999971888257,0.1309184523359872,0.17348372522952668,,,,0.047451547382895365,0.17836999971888257,0.17836999971888257,,,,0.003221056385051464,0.01822763780841551,0.01681383650797457,,,,0.016934351737630117,0.0,0.349116779078903,6.0,0,marking_lightgbm_strict_exact_contract_floor_0p0_quality_loose,marking_sensitivity,atm_straddle_30d,loose
QQQ,107899,2025,88,0.19318181818181818,0.10227272727272728,,,,0.11363636363636363,0.03802043017300072,0.1312346131363313,0.1312346131363313,0.1894265886296074,0.1894265886296074,0.1312346131363313,0.17506539591420342,,,,0.05819197549327612,0.1894265886296074,0.1894265886296074,,,,0.0054537060682705064,0.022189928101534046,0.020033740470874358,,,,0.020594321913931176,0.0,0.34123253488012867,2.0,0,marking_lightgbm_strict_exact_contract_floor_0p0_quality_loose,marking_sensitivity,atm_straddle_30d,loose
QQQ,107899,2019,250,0.192,0.096,,,,0.108,-0.0016554508802705357,0.02444928375092479,0.024450985803061268,0.03939060915757592,0.03939060915757592,0.024450985803061268,0.041063622270346496,,,,0.01493962335451465,0.03939060915757592,0.03939060915757592,,,,0.001970835825878296,0.006579716546953654,0.005873394909221425,,,,0.006075441829662941,1.0,0.26154175473621355,2.0,1,marking_lightgbm_strict_exact_contract_floor_0p0_quality_loose,marking_sensitivity,risk_reversal_25d_30d,loose
QQQ,107899,2020,251,0.21912350597609562,0.11155378486055777,,,,0.11155378486055777,-0.0038528317288363642,0.02658357479758267,0.026613218692920552,0.04242698581463638,0.04242698581463638,0.026613218692920552,0.04284604121061222,,,,0.015813767121715828,0.04242698581463638,0.04242698581463638,,,,0.0030333321518796943,0.008496783158423851,0.008068940809406,,,,0.007661313906226968,1.0,0.18959291185602323,2.0,3,marking_lightgbm_strict_exact_contract_floor_0p0_quality_loose,marking_sensitivity,risk_reversal_25d_30d,loose
QQQ,107899,2021,252,0.17063492063492064,0.09523809523809523,,,,0.0873015873015873,-0.0011677967556301344,0.026842694094863995,0.026846884850712422,0.04064492100015013,0.04064492100015013,0.026846884850712422,0.04205079586674213,,,,0.013798036149437707,0.04064492100015013,0.04064492100015013,,,,0.001721100606970972,0.006288231573593151,0.005888254799561161,,,,0.005902372382548997,1.0,0.08461449029681473,2.0,1,marking_lightgbm_strict_exact_contract_floor_0p0_quality_loose,marking_sensitivity,risk_reversal_25d_30d,loose
QQQ,107899,2022,244,0.15163934426229508,0.04918032786885246,,,,0.0942622950819672,-0.009334415889245959,0.020817765973484982,0.02085775435539892,0.032398926093382914,0.032398926093382914,0.02085775435539892,0.034899808084233326,,,,0.011541171737983994,0.032398926093382914,0.032398926093382914,,,,0.0013020806466552143,0.005479744497460237,0.00552184295318162,,,,0.0054754148449181,0.9590163934426229,0.34715759071618885,2.0,2,marking_lightgbm_strict_exact_contract_floor_0p0_quality_loose,marking_sensitivity,risk_reversal_25d_30d,loose
QQQ,107899,2023,142,0.20422535211267606,0.1056338028169014,,,,0.07746478873239436,0.0019514705661587374,0.016196837844199754,0.01622547031656553,0.025895963843206797,0.025895963843206797,0.01622547031656553,0.02515036852469986,,,,0.009670493526641266,0.025895963843206797,0.025895963843206797,,,,0.0011274480611800839,0.0038993293414900645,0.003652346725885435,,,,0.003521897388884889,0.07042253521126761,0.3498280877511672,2.0,1,marking_lightgbm_strict_exact_contract_floor_0p0_quality_loose,marking_sensitivity,risk_reversal_25d_30d,loose
QQQ,107899,2024,87,0.1839080459770115,0.11494252873563218,,,,0.12643678160919541,0.0033652204026295954,0.015920809442545984,0.01596858477374355,0.02155699837551032,0.02155699837551032,0.01596858477374355,0.025150262242574845,,,,0.0055884136017667705,0.02155699837551032,0.02155699837551032,,,,0.00122033304215228,0.0032372906606952475,0.003925499513113184,,,,0.003039510839440352,0.0,0.3497817490534907,6.0,3,marking_lightgbm_strict_exact_contract_floor_0p0_quality_loose,marking_sensitivity,risk_reversal_25d_30d,loose
QQQ,107899,2025,138,0.21014492753623187,0.14492753623188406,,,,0.11594202898550725,0.005626088984691518,0.021806452414885442,0.021806452414885442,0.03239357004755429,0.03239357004755429,0.021806452414885442,0.029381298658350485,,,,0.010587117632668851,0.03239357004755429,0.03239357004755429,,,,0.0018198772394401673,0.004965804609767971,0.0050124206965735515,,,,0.004496625345726444,0.014492753623188406,0.34988513487696843,2.0,0,marking_lightgbm_strict_exact_contract_floor_0p0_quality_loose,marking_sensitivity,risk_reversal_25d_30d,loose
QQQ,107899,2019,245,0.17142857142857143,0.07346938775510205,,,,0.10612244897959183,-0.0015281376734823248,0.026429355124065593,0.026472621512627508,0.039074465418839466,0.039074465418839466,0.026472621512627508,0.04036099255257081,,,,0.012601843906211958,0.039074465418839466,0.039074465418839466,,,,0.003463275252422597,0.00777226381494236,0.007102074031095595,,,,0.007523535561654775,1.0,0.3143974210150937,2.0,7,marking_lightgbm_strict_exact_contract_floor_0p0_quality_loose,marking_sensitivity,short_put_spread_25delta_10delta_30d,loose
QQQ,107899,2020,250,0.172,0.12,,,,0.104,0.0021321054242707865,0.03364805452495003,0.03366378839046307,0.0513252249602543,0.0513252249602543,0.03366378839046307,0.040457556534997115,,,,0.017661436569791234,0.0513252249602543,0.0513252249602543,,,,0.003458107754302143,0.008948717497660224,0.008079321334641168,,,,0.008377419707900494,0.992,0.2784775944326545,2.0,2,marking_lightgbm_strict_exact_contract_floor_0p0_quality_loose,marking_sensitivity,short_put_spread_25delta_10delta_30d,loose
QQQ,107899,2021,252,0.1746031746031746,0.09523809523809523,,,,0.0992063492063492,-0.0038385675114417086,0.02232569564878184,0.02241723650888261,0.03657353151784672,0.03657353151784672,0.02241723650888261,0.03504748447800235,,,,0.014156295008964115,0.03657353151784672,0.03657353151784672,,,,0.0029826558318819477,0.007257126171769636,0.006718089911992118,,,,0.00702386573481079,0.996031746031746,0.156928538821184,2.0,5,marking_lightgbm_strict_exact_contract_floor_0p0_quality_loose,marking_sensitivity,short_put_spread_25delta_10delta_30d,loose
QQQ,107899,2022,210,0.19523809523809524,0.1,,,,0.09047619047619047,0.002793125827456427,0.024107576876859167,0.02416057794854245,0.05007023150060546,0.05007023150060546,0.02416057794854245,0.03923378940726314,,,,0.02590965355206301,0.05007023150060546,0.05007023150060546,,,,0.0033628571183401887,0.00872556316208444,0.00795070812250544,,,,0.00809056768565509,0.9523809523809523,0.3486689122637741,2.0,3,marking_lightgbm_strict_exact_contract_floor_0p0_quality_loose,marking_sensitivity,short_put_spread_25delta_10delta_30d,loose
QQQ,107899,2023,1,0.0,0.0,,,,0.0,-0.00019321422924909688,0.02039791334524616,0.02039791334524616,0.023636020674312905,0.023636020674312905,0.02039791334524616,0.03998213912689496,,,,0.003238107329066743,0.023636020674312905,0.023636020674312905,,,,0.0,0.0020591127574495255,0.004017535335614404,,,,0.0023829234903561996,0.0,0.3487990965375754,1.0,0,marking_lightgbm_strict_exact_contract_floor_0p0_quality_loose,marking_sensitivity,short_put_spread_25delta_10delta_30d,loose
QQQ,107899,2024,2,0.0,0.0,,,,0.0,-0.0002885186980466813,0.011764641912920402,0.011764641912920402,0.013791521251558338,0.013791521251558338,0.011764641912920402,0.03962140709905962,,,,0.002026879338637934,0.013791521251558338,0.013791521251558338,,,,0.0,0.001205316061096708,0.003990992579710629,,,,0.0014080039949605015,0.0,0.3482643494786311,1.95,0,marking_lightgbm_strict_exact_contract_floor_0p0_quality_loose,marking_sensitivity,short_put_spread_25delta_10delta_30d,loose
QQQ,107899,2019,251,0.24701195219123506,0.09163346613545817,,,,0.11553784860557768,0.06966965363162682,0.18659329201416602,0.18659329201416602,0.25018094762261045,0.25018094762261045,0.18659329201416602,0.2862990655520243,,,,0.06358765560844443,0.25018094762261045,0.25018094762261045,,,,0.005896200489458341,0.02829002602753601,0.02845597088023435,,,,0.0239473298885567,0.0,0.16412946104294715,2.0,0,floor_lightgbm_robust_all_none_quality_loose,var_floor_sensitivity,atm_straddle_30d,loose
QQQ,107899,2020,253,0.1422924901185771,0.015810276679841896,,,,0.07114624505928854,0.010680296955918791,0.09587488983440512,0.09587488983440512,0.12267774545830715,0.12267774545830715,0.09587488983440512,0.19886908647699078,,,,0.026802855623902045,0.12267774545830715,0.12267774545830715,,,,0.0022863726135162743,0.013693075989550342,0.020046461503553742,,,,0.013486117463755108,0.857707509881423,0.0896930745213322,2.0,0,floor_lightgbm_robust_all_none_quality_loose,var_floor_sensitivity,atm_straddle_30d,loose
QQQ,107899,2021,252,0.2222222222222222,0.10714285714285714,,,,0.1349206349206349,0.00960176155181082,0.05670448909603226,0.05670448909603226,0.07246744672415446,0.07246744672415446,0.05670448909603226,0.07709363428138082,,,,0.015762957628122205,0.07246744672415446,0.07246744672415446,,,,0.003513622594206046,0.010714254465210469,0.011145394552954588,,,,0.009800191111440409,1.0,0.003464437495666488,2.0,0,floor_lightgbm_robust_all_none_quality_loose,var_floor_sensitivity,atm_straddle_30d,loose
QQQ,107899,2022,251,0.18326693227091634,0.250996015936255,,,,0.11155378486055777,0.015123712294018278,0.1577727477750987,0.1577727477750987,0.20434418928119844,0.20434418928119844,0.1577727477750987,0.1340027579716869,,,,0.046571441506099716,0.20434418928119844,0.20434418928119844,,,,0.007208537710007523,0.028582193740027496,0.03123668471355399,,,,0.026130585408725537,0.5856573705179283,0.18710673607677747,2.0,0,floor_lightgbm_robust_all_none_quality_loose,var_floor_sensitivity,atm_straddle_30d,loose
QQQ,107899,2023,194,0.3247422680412371,0.22164948453608246,,,,0.12371134020618557,0.14821083936999008,0.25882091479302166,0.25882091479302166,0.36570100124136923,0.36570100124136923,0.25882091479302166,0.32333251635740284,,,,0.10688008644834752,0.36570100124136923,0.36570100124136923,,,,0.006703260617699655,0.04086729956567586,0.048847964651203814,,,,0.028452276804837563,0.0,0.3475507500739522,2.0,0,floor_lightgbm_robust_all_none_quality_loose,var_floor_sensitivity,atm_straddle_30d,loose
QQQ,107899,2024,124,0.25806451612903225,0.1935483870967742,,,,0.07258064516129033,0.21033227446528158,0.3931005168202644,0.3931005168202644,0.49349791984882474,0.49349791984882474,0.3931005168202644,0.529957192844155,,,,0.10039740302856039,0.49349791984882474,0.49349791984882474,,,,0.004038369277531905,0.038338020677745326,0.049493778343733044,,,,0.032354933815886215,0.0,0.3483506023097713,5.849999999999994,0,floor_lightgbm_robust_all_none_quality_loose,var_floor_sensitivity,atm_straddle_30d,loose
QQQ,107899,2025,159,0.20754716981132076,0.050314465408805034,,,,0.09433962264150944,0.12143218047449361,0.28556173667296053,0.28556173667296053,0.35646391264213495,0.35646391264213495,0.28556173667296053,0.5669922713058775,,,,0.0709021759691744,0.35646391264213495,0.35646391264213495,,,,0.005050169723440768,0.03226382691782427,0.04781624284947739,,,,0.028553342940204895,0.0,0.3391906762986874,2.0,0,floor_lightgbm_robust_all_none_quality_loose,var_floor_sensitivity,atm_straddle_30d,loose
QQQ,107899,2019,251,0.20318725099601595,0.09561752988047809,,,,0.10756972111553785,-0.0018741147400762985,0.02435068125296184,0.02435068125296184,0.03927125904535153,0.03927125904535153,0.02435068125296184,0.04107029906078991,,,,0.01492057779238969,0.03927125904535153,0.03927125904535153,,,,0.001966192699330002,0.006675533202694458,0.0058895485455843525,,,,0.006080730077872784,1.0,0.2615237241225177,2.0,0,floor_lightgbm_robust_all_none_quality_loose,var_floor_sensitivity,risk_reversal_25d_30d,loose
QQQ,107899,2020,253,0.20948616600790515,0.11067193675889328,,,,0.11462450592885376,-0.0039025118588932716,0.02729222695183196,0.02729222695183196,0.04516093508754441,0.04516093508754441,0.02729222695183196,0.04275819043451622,,,,0.017868708135712445,0.04516093508754441,0.04516093508754441,,,,0.002464095595694138,0.008370785844346182,0.008044426894759107,,,,0.0073704402903379046,0.9960474308300395,0.18947838341413226,2.0,0,floor_lightgbm_robust_all_none_quality_loose,var_floor_sensitivity,risk_reversal_25d_30d,loose
QQQ,107899,2021,252,0.1746031746031746,0.09523809523809523,,,,0.09126984126984126,-0.0011677967556301344,0.026535733470151677,0.026535733470151677,0.040343845252669694,0.040343845252669694,0.026535733470151677,0.04198906085370367,,,,0.01380811178251802,0.040343845252669694,0.040343845252669694,,,,0.0017662089300320414,0.006298116014549399,0.005884139939540096,,,,0.0059173731308620236,1.0,0.08461449029681473,2.0,0,floor_lightgbm_robust_all_none_quality_loose,var_floor_sensitivity,risk_reversal_25d_30d,loose
QQQ,107899,2022,251,0.1593625498007968,0.07569721115537849,,,,0.10756972111553785,-0.006198007585857371,0.024533558449383805,0.024533558449383805,0.03503892472938418,0.03503892472938418,0.024533558449383805,0.03520640623926264,,,,0.010505366280000377,0.03503892472938418,0.03503892472938418,,,,0.003006535077827796,0.007215357923835857,0.007170955261558434,,,,0.007130228309351951,0.952191235059761,0.34764953389129305,2.0,0,floor_lightgbm_robust_all_none_quality_loose,var_floor_sensitivity,risk_reversal_25d_30d,loose
QQQ,107899,2023,195,0.11794871794871795,0.1282051282051282,,,,0.1076923076923077,-0.035382370634702474,0.05191390133491779,0.05191390133491779,0.06830028264371422,0.06830028264371422,0.05191390133491779,0.04712628965871475,,,,0.01638638130879643,0.06830028264371422,0.06830028264371422,,,,0.006243701690295191,0.01649206370163603,0.016786159120231545,,,,0.016611967018136862,0.05128205128205128,0.34987811731019125,2.0,0,floor_lightgbm_robust_all_none_quality_loose,var_floor_sensitivity,risk_reversal_25d_30d,loose
QQQ,107899,2024,134,0.1791044776119403,0.05223880597014925,,,,0.11194029850746269,-0.11144903299932374,0.02340805385848979,0.02340805385848979,0.028889323238123057,0.028889323238123057,0.02340805385848979,0.04023550247092983,,,,0.005481269379633266,0.028889323238123057,0.028889323238123057,,,,0.004185678369611446,0.018309572512802297,0.01917843833385542,,,,0.018219513993356123,0.0,0.3497361575129961,5.349999999999994,0,floor_lightgbm_robust_all_none_quality_loose,var_floor_sensitivity,risk_reversal_25d_30d,loose
QQQ,107899,2025,161,0.19875776397515527,0.18012422360248448,,,,0.11801242236024845,0.009069198532677071,0.03580545265367523,0.03580545265367523,0.0516324407956855,0.0516324407956855,0.03580545265367523,0.034502384559109756,,,,0.01582698814201028,0.0516324407956855,0.0516324407956855,,,,0.015523749476205823,0.02022037187671726,0.020410403903741547,,,,0.019780073702506666,0.012422360248447204,0.34988375608361905,2.0,0,floor_lightgbm_robust_all_none_quality_loose,var_floor_sensitivity,risk_reversal_25d_30d,loose
QQQ,107899,2019,250,0.172,0.076,,,,0.12,-0.0018191052461359854,0.026595338881769216,0.026595338881769216,0.03765003012565121,0.03765003012565121,0.026595338881769216,0.03988827384910858,,,,0.011054691243881996,0.03765003012565121,0.03765003012565121,,,,0.0037035958602160317,0.007828337463720206,0.007080298009396216,,,,0.007650509397394751,1.0,0.316961456081972,2.0,0,floor_lightgbm_robust_all_none_quality_loose,var_floor_sensitivity,short_put_spread_25delta_10delta_30d,loose
QQQ,107899,2020,251,0.1752988047808765,0.11952191235059761,,,,0.10358565737051793,0.001735408762783916,0.03371474138157766,0.03371474138157766,0.051779484214301834,0.051779484214301834,0.03371474138157766,0.04039457825044244,,,,0.018064742832724176,0.051779484214301834,0.051779484214301834,,,,0.0033030456918922723,0.008911245503530571,0.008098499926312222,,,,0.008307453237044063,0.9920318725099602,0.28049654630633386,2.0,0,floor_lightgbm_robust_all_none_quality_loose,var_floor_sensitivity,short_put_spread_25delta_10delta_30d,loose
QQQ,107899,2021,252,0.16666666666666666,0.09523809523809523,,,,0.0992063492063492,-0.0038385675114417086,0.021995946456275728,0.021995946456275728,0.03611876744258403,0.03611876744258403,0.021995946456275728,0.034989520571719196,,,,0.014122820986308298,0.03611876744258403,0.03611876744258403,,,,0.003066256186123752,0.007303221765192013,0.006727192287686191,,,,0.007061989681526324,0.996031746031746,0.156928538821184,2.0,0,floor_lightgbm_robust_all_none_quality_loose,var_floor_sensitivity,short_put_spread_25delta_10delta_30d,loose
QQQ,107899,2022,223,0.16591928251121077,0.09417040358744394,,,,0.10762331838565023,-0.0005298271701469677,0.02514751658764333,0.02514751658764333,0.050318464961538696,0.050318464961538696,0.02514751658764333,0.039226283470179375,,,,0.025170948373895368,0.050318464961538696,0.050318464961538696,,,,0.002961914329575095,0.008551883337081468,0.008031192994751028,,,,0.008046743542743661,0.9327354260089686,0.34897777713831124,1.8999999999999773,0,floor_lightgbm_robust_all_none_quality_loose,var_floor_sensitivity,short_put_spread_25delta_10delta_30d,loose
QQQ,107899,2023,2,0.0,0.0,,,,0.0,-0.006847574044601773,0.011098608872850305,0.011098608872850305,0.013818805994161496,0.013818805994161496,0.011098608872850305,0.03926067507122427,,,,0.0027201971213111917,0.013818805994161496,0.013818805994161496,,,,0.0,0.0017946182917452074,0.004610824911582604,,,,0.0020666380038763268,0.0,0.3487092386204359,1.95,0,floor_lightgbm_robust_all_none_quality_loose,var_floor_sensitivity,short_put_spread_25delta_10delta_30d,loose
QQQ,107899,2024,9,0.0,0.0,,,,0.0,-0.04625539841103259,0.0124430256775716,0.0124430256775716,0.014929080604610163,0.014929080604610163,0.0124430256775716,0.03661325212001138,,,,0.0024860549270385637,0.014929080604610163,0.014929080604610163,,,,0.0,0.005869842408860418,0.008286865053104395,,,,0.006118447901564275,0.0,0.3476917814780308,2.0,0,floor_lightgbm_robust_all_none_quality_loose,var_floor_sensitivity,short_put_spread_25delta_10delta_30d,loose
QQQ,107899,2025,1,0.0,0.0,,,,0.0,-0.06634449928710301,0.0012119710544089993,0.0012119710544089993,0.0036980259814475627,0.0036980259814475627,0.0012119710544089993,0.03458254226356807,,,,0.0024860549270385637,0.0036980259814475627,0.0036980259814475627,,,,0.0,0.006755647034151199,0.010092704155067106,,,,0.007004252526855055,0.0,0.34146738206306715,1.0,0,floor_lightgbm_robust_all_none_quality_loose,var_floor_sensitivity,short_put_spread_25delta_10delta_30d,loose
